{
  "version": 1,
  "nodeCount": 500,
  "edgeCount": 1357,
  "bounds": {
    "xMin": 12,
    "yMin": 84.65873015873149,
    "xMax": 18956,
    "yMax": 21860.36904761904,
    "width": 18944,
    "height": 21775.710317460307,
    "area": 412519056.25396806
  },
  "density": 0.0000012120652183693888,
  "aspectRatio": 0.8699601401663682,
  "nodeAreaTotal": 4751658.888554616,
  "whitespaceRatio": 0.9884813590632544,
  "avgEdgeLength": 6543.888905288292,
  "medianEdgeLength": 5625.688783101053,
  "edgeLengthStdDev": 4972.1143959278525,
  "minEdgeLength": 164,
  "maxEdgeLength": 21394.317875265053,
  "edgeCrossings": null,
  "edgeCrossingsNote": "skipped (edge count > 800)",
  "nodeOverlaps": 23,
  "nodeOverlapsNote": null,
  "meta": {
    "evaluationMode": true,
    "physicsEnabled": false,
    "layoutAlgorithm": "layered",
    "layoutDirection": "RIGHT",
    "uniformNodeSize": true,
    "collapseLiterals": true,
    "mergeParallelEdges": true,
    "maxNodes": 500,
    "nodeLabelTemplate": "rdfs:label|foaf:name|@id",
    "edgeLabelTemplate": "@predicate",
    "title": "RDF Graph",
    "layoutMs": 17295.39999985695,
    "renderStats": {
      "source": "file",
      "parseMs": 31.299999952316284,
      "filterMs": null,
      "buildMs": 13.600000143051147,
      "totalMs": 45,
      "triplesCount": 1860,
      "nodesCount": 500,
      "edgesCount": 1357
    }
  }
}