{
  "version": 1,
  "nodeCount": 100,
  "edgeCount": 246,
  "bounds": {
    "xMin": 12,
    "yMin": 69.34444444444443,
    "xMax": 4526,
    "yMax": 4161.109523809524,
    "width": 4514,
    "height": 4091.7650793650796,
    "area": 18470227.568253968
  },
  "density": 0.000005414118457959705,
  "aspectRatio": 1.103191388666047,
  "nodeAreaTotal": 950331.7777109108,
  "whitespaceRatio": 0.948547911811097,
  "avgEdgeLength": 1443.3834673679262,
  "medianEdgeLength": 1312.6267807856268,
  "edgeLengthStdDev": 1019.0838169912529,
  "minEdgeLength": 158,
  "maxEdgeLength": 4051.7203078772977,
  "edgeCrossings": 2834,
  "edgeCrossingsNote": null,
  "nodeOverlaps": 8,
  "nodeOverlapsNote": null,
  "meta": {
    "evaluationMode": true,
    "physicsEnabled": false,
    "layoutAlgorithm": "layered",
    "layoutDirection": "RIGHT",
    "uniformNodeSize": true,
    "collapseLiterals": true,
    "mergeParallelEdges": true,
    "maxNodes": 100,
    "nodeLabelTemplate": "rdfs:label|foaf:name|@id",
    "edgeLabelTemplate": "@predicate",
    "title": "RDF Graph",
    "layoutMs": 748.0999999046326,
    "renderStats": {
      "source": "file",
      "parseMs": 9.299999952316284,
      "filterMs": null,
      "buildMs": 6.200000047683716,
      "totalMs": 15.700000047683716,
      "triplesCount": 346,
      "nodesCount": 100,
      "edgesCount": 246
    }
  }
}